Workbook

Sheet 参数表
A1: 参数名称 | B1: 数值 | C1: 备注
A2: 基础产出间隔 | B2: 15 | C2: 每15h产出一批
A3: 单次产出量 | B3: 150 | C3: 每次产出获得属性木材150个
A4: 单属性的家具成本 | B4: 450 | C4: 购买一个属性家具需要450分属性木材
A5: 单个属性家具的效率加成 | B5: 0.1 | C5: 放置一个属性家具时产出缩短10%
A6: 三个属性家具集齐加成 | B6: 0.35 | C6: 放满三个同属性家具时产出缩短35%
A7: 总家具效率加成 | B7: 0.5 | C7: 放置跨系家具时产出缩短50%
A8: 属性木材分解比例(粉尘) | B8: 0.06 | C8: 50个属性木材分解时，6%变为魔法粉尘
A9: 属性木材分解比例(普通) | B9: 0.8 | C9: 50个属性木材分解时，80%变为普通木材
A10: 亲密度糖果概率 | B10: 0.1 | C10: 每次产出有10%概率获得亲密度糖果
A11: 每颗糖果增加的亲密度 | B11: 200 | C11: 使用一颗糖果增加200亲密度
A12: 效率惩罚触发天数 | B12: 2 | C12: 连续两天不换精灵触发效率下降
A13: 效率惩罚比例 | B13: 0.2 | C13: 触发惩罚后，单次产出减少20%

Sheet 不爱更换
A1: 天数 | B1: 当日领取次数 | C1: 火属性家具数量 | D1: 水属性家具数量 | E1: 草属性家具数量 | F1: 总家具解锁 | G1: 效率加成 | H1: 是否有惩罚 | I1: 当前产出间隔（h） | J1: 当天实际可领取次数 | K1: 单次基础产出 | L1: 单次实际产出 | M1: 当日总产出 | N1: 累积属性木材（从第一天） | O1: 是否购买火家具 | P1: 是否购买水家具 | Q1: 是否购买草家具 | R1: 购买家具扣除木材 | S1: 剩余木材 | T1: 当前亲密度 | U1: 今日是否更换精灵 | V1: 连续未更换天数 | W1: 是否购买总家具 | X1: 当前行是否购买了总家具（行为） | Z1: 差值
A2: 0 | B2: 0 | C2: 1 | D2: 0 | E2: 0 | F2: 0 | G2: 0 | H2: 0 | I2: 0 | J2: 0 | K2: 0 | L2: 0 | M2: 0 | N2: 0 | O2: 0 | P2: 0 | Q2: 0 | R2: 0 | S2: 0 | T2: 0 | U2: 0 | V2: 0 | W2: 0 | X2: 0 | Z2: =爱更换!N2-N2 -> 0
A3: 1 | B3: 2 | C3: =MIN(3,C2+O2) -> 1 | D3: =MIN(3,D2+P2) -> 0 | E3: =MIN(3,E2+Q2) -> 0 | F3: =IF(F2=1,1,IF(AND(C2>=3,D2>=3,E2>=3),1,0)) -> 0 | G3: 0.1 | H3: =IF(V3>=2,1,0) -> 0 | I3: =参数表!$B$2*(1-G3) -> 13.5 | J3: =MIN(2,ROUNDDOWN(24/I3,0)) -> 1 | K3: =参数表!$B$3 -> 150 | L3: =K3*(1+G3)*(1-H3*参数表!$B$13) -> 165 | M3: =L3*J3 -> 165 | N3: =M3 -> 165 | O3: =IF(AND(S2>=450,C2<3,F2=0),1,0) -> 0 | P3: =IF(AND(S2>=450,D2<3,C2>=3,F2=0),1,0) -> 0 | Q3: =IF(AND(S2>=450,E2<3,D2>=3,F2=0),1,0) -> 0 | R3: =O3*450+P3*450+Q3*450+X3*1000 -> 0 | S3: =S2+M3-R3 -> 165 | T3: =RAND()<=参数表!$B$10 -> FALSE | U3: 0 | V3: 0 | W3: =IF(W2=1,1,IF(AND(F3=1,S2>=1000,W2=0),1,0)) -> 0 | X3: =IF(AND(W3=1,W2=0),1,0) -> 0 | Z3: =Z2+(爱更换!N3-N3) -> 0
A4: 2 | B4: 2 | C4: =MIN(3,C3+O3) -> 1 | D4: =MIN(3,D3+P3) -> 0 | E4: =MIN(3,E3+Q3) -> 0 | F4: =IF(F3=1,1,IF(AND(C3>=3,D3>=3,E3>=3),1,0)) -> 0 | G4: =IF(W4=1,参数表!$B$7,IF(AND(C4>=3,D4>=3,E4>=3),参数表!$B$6,IF(OR(C4>=3,D4>=3,E4>=3),参数表!$B$6,IF(OR(C4>=2,D4>=2,E4>=2),参数表!$B$5*2,IF(OR(C4>=1,D4>=1,E4>=1),参数表!$B$5,0))))) -> 0.1 | H4: =IF(V4>=2,1,0) -> 0 | I4: =参数表!$B$2*(1-G4) -> 13.5 | J4: =MIN(2,ROUNDDOWN(24/I4,0)) -> 1 | K4: =参数表!$B$3 -> 150 | L4: =K4*(1+G4)*(1-H4*参数表!$B$13) -> 165 | M4: =L4*J4 -> 165 | N4: =N3+M4 -> 330 | O4: =IF(AND(S3>=450,C3<3,F3=0),1,0) -> 0 | P4: =IF(AND(S3>=450,D3<3,C3>=3,F3=0),1,0) -> 0 | Q4: =IF(AND(S3>=450,E3<3,D3>=3,F3=0),1,0) -> 0 | R4: =O4*450+P4*450+Q4*450+X4*1000 -> 0 | S4: =S3+M4-R4 -> 330 | T4: =RAND()<=参数表!$B$10 -> FALSE | U4: 0 | V4: =IF(U4=1,0,V3+1) -> 1 | W4: =IF(W3=1,1,IF(AND(F4=1,S3>=1000,W3=0),1,0)) -> 0 | X4: =IF(AND(W4=1,W3=0),1,0) -> 0 | Z4: =爱更换!N4-N4 -> 0
A5: 3 | B5: 2 | C5: =MIN(3,C4+O4) -> 1 | D5: =MIN(3,D4+P4) -> 0 | E5: =MIN(3,E4+Q4) -> 0 | F5: =IF(F4=1,1,IF(AND(C4>=3,D4>=3,E4>=3),1,0)) -> 0 | G5: =IF(W5=1,参数表!$B$7,IF(AND(C5>=3,D5>=3,E5>=3),参数表!$B$6,IF(OR(C5>=3,D5>=3,E5>=3),参数表!$B$6,IF(OR(C5>=2,D5>=2,E5>=2),参数表!$B$5*2,IF(OR(C5>=1,D5>=1,E5>=1),参数表!$B$5,0))))) -> 0.1 | H5: =IF(V5>=2,1,0) -> 1 | I5: =参数表!$B$2*(1-G5) -> 13.5 | J5: =MIN(2,ROUNDDOWN(24/I5,0)) -> 1 | K5: =参数表!$B$3 -> 150 | L5: =K5*(1+G5)*(1-H5*参数表!$B$13) -> 132 | M5: =L5*J5 -> 132 | N5: =N4+M5 -> 462 | O5: =IF(AND(S4>=450,C4<3,F4=0),1,0) -> 0 | P5: =IF(AND(S4>=450,D4<3,C4>=3,F4=0),1,0) -> 0 | Q5: =IF(AND(S4>=450,E4<3,D4>=3,F4=0),1,0) -> 0 | R5: =O5*450+P5*450+Q5*450+X5*1000 -> 0 | S5: =S4+M5-R5 -> 462 | T5: =RAND()<=参数表!$B$10 -> FALSE | U5: 0 | V5: =IF(U5=1,0,V4+1) -> 2 | W5: =IF(W4=1,1,IF(AND(F5=1,S4>=1000,W4=0),1,0)) -> 0 | X5: =IF(AND(W5=1,W4=0),1,0) -> 0 | Z5: =爱更换!N5-N5 -> 33
A6: 4 | B6: 2 | C6: =MIN(3,C5+O5) -> 1 | D6: =MIN(3,D5+P5) -> 0 | E6: =MIN(3,E5+Q5) -> 0 | F6: =IF(F5=1,1,IF(AND(C5>=3,D5>=3,E5>=3),1,0)) -> 0 | G6: =IF(W6=1,参数表!$B$7,IF(AND(C6>=3,D6>=3,E6>=3),参数表!$B$6,IF(OR(C6>=3,D6>=3,E6>=3),参数表!$B$6,IF(OR(C6>=2,D6>=2,E6>=2),参数表!$B$5*2,IF(OR(C6>=1,D6>=1,E6>=1),参数表!$B$5,0))))) -> 0.1 | H6: =IF(V6>=2,1,0) -> 1 | I6: =参数表!$B$2*(1-G6) -> 13.5 | J6: =MIN(2,ROUNDDOWN(24/I6,0)) -> 1 | K6: =参数表!$B$3 -> 150 | L6: =K6*(1+G6)*(1-H6*参数表!$B$13) -> 132 | M6: =L6*J6 -> 132 | N6: =N5+M6 -> 594 | O6: =IF(AND(S5>=450,C5<3,F5=0),1,0) -> 1 | P6: =IF(AND(S5>=450,D5<3,C5>=3,F5=0),1,0) -> 0 | Q6: =IF(AND(S5>=450,E5<3,D5>=3,F5=0),1,0) -> 0 | R6: =O6*450+P6*450+Q6*450+X6*1000 -> 450 | S6: =S5+M6-R6 -> 144 | T6: =RAND()<=参数表!$B$10 -> FALSE | U6: 0 | V6: =IF(U6=1,0,V5+1) -> 3 | W6: =IF(W5=1,1,IF(AND(F6=1,S5>=1000,W5=0),1,0)) -> 0 | X6: =IF(AND(W6=1,W5=0),1,0) -> 0 | Z6: =爱更换!N6-N6 -> 66
A7: 5 | B7: 2 | C7: =MIN(3,C6+O6) -> 2 | D7: =MIN(3,D6+P6) -> 0 | E7: =MIN(3,E6+Q6) -> 0 | F7: =IF(F6=1,1,IF(AND(C6>=3,D6>=3,E6>=3),1,0)) -> 0 | G7: =IF(W7=1,参数表!$B$7,IF(AND(C7>=3,D7>=3,E7>=3),参数表!$B$6,IF(OR(C7>=3,D7>=3,E7>=3),参数表!$B$6,IF(OR(C7>=2,D7>=2,E7>=2),参数表!$B$5*2,IF(OR(C7>=1,D7>=1,E7>=1),参数表!$B$5,0))))) -> 0.2 | H7: =IF(V7>=2,1,0) -> 1 | I7: =参数表!$B$2*(1-G7) -> 12 | J7: =MIN(2,ROUNDDOWN(24/I7,0)) -> 2 | K7: =参数表!$B$3 -> 150 | L7: =K7*(1+G7)*(1-H7*参数表!$B$13) -> 144 | M7: =L7*J7 -> 288 | N7: =N6+M7 -> 882 | O7: =IF(AND(S6>=450,C6<3,F6=0),1,0) -> 0 | P7: =IF(AND(S6>=450,D6<3,C6>=3,F6=0),1,0) -> 0 | Q7: =IF(AND(S6>=450,E6<3,D6>=3,F6=0),1,0) -> 0 | R7: =O7*450+P7*450+Q7*450+X7*1000 -> 0 | S7: =S6+M7-R7 -> 432 | T7: =RAND()<=参数表!$B$10 -> FALSE | U7: 0 | V7: =IF(U7=1,0,V6+1) -> 4 | W7: =IF(W6=1,1,IF(AND(F7=1,S6>=1000,W6=0),1,0)) -> 0 | X7: =IF(AND(W7=1,W6=0),1,0) -> 0 | Z7: =爱更换!N7-N7 -> 138
A8: 6 | B8: 2 | C8: =MIN(3,C7+O7) -> 2 | D8: =MIN(3,D7+P7) -> 0 | E8: =MIN(3,E7+Q7) -> 0 | F8: =IF(F7=1,1,IF(AND(C7>=3,D7>=3,E7>=3),1,0)) -> 0 | G8: =IF(W8=1,参数表!$B$7,IF(AND(C8>=3,D8>=3,E8>=3),参数表!$B$6,IF(OR(C8>=3,D8>=3,E8>=3),参数表!$B$6,IF(OR(C8>=2,D8>=2,E8>=2),参数表!$B$5*2,IF(OR(C8>=1,D8>=1,E8>=1),参数表!$B$5,0))))) -> 0.2 | H8: =IF(V8>=2,1,0) -> 1 | I8: =参数表!$B$2*(1-G8) -> 12 | J8: =MIN(2,ROUNDDOWN(24/I8,0)) -> 2 | K8: =参数表!$B$3 -> 150 | L8: =K8*(1+G8)*(1-H8*参数表!$B$13) -> 144 | M8: =L8*J8 -> 288 | N8: =N7+M8 -> 1170 | O8: =IF(AND(S7>=450,C7<3,F7=0),1,0) -> 0 | P8: =IF(AND(S7>=450,D7<3,C7>=3,F7=0),1,0) -> 0 | Q8: =IF(AND(S7>=450,E7<3,D7>=3,F7=0),1,0) -> 0 | R8: =O8*450+P8*450+Q8*450+X8*1000 -> 0 | S8: =S7+M8-R8 -> 720 | T8: =RAND()<=参数表!$B$10 -> FALSE | U8: 0 | V8: =IF(U8=1,0,V7+1) -> 5 | W8: =IF(W7=1,1,IF(AND(F8=1,S7>=1000,W7=0),1,0)) -> 0 | X8: =IF(AND(W8=1,W7=0),1,0) -> 0 | Z8: =爱更换!N8-N8 -> 210
A9: 7 | B9: 2 | C9: =MIN(3,C8+O8) -> 2 | D9: =MIN(3,D8+P8) -> 0 | E9: =MIN(3,E8+Q8) -> 0 | F9: =IF(F8=1,1,IF(AND(C8>=3,D8>=3,E8>=3),1,0)) -> 0 | G9: =IF(W9=1,参数表!$B$7,IF(AND(C9>=3,D9>=3,E9>=3),参数表!$B$6,IF(OR(C9>=3,D9>=3,E9>=3),参数表!$B$6,IF(OR(C9>=2,D9>=2,E9>=2),参数表!$B$5*2,IF(OR(C9>=1,D9>=1,E9>=1),参数表!$B$5,0))))) -> 0.2 | H9: =IF(V9>=2,1,0) -> 1 | I9: =参数表!$B$2*(1-G9) -> 12 | J9: =MIN(2,ROUNDDOWN(24/I9,0)) -> 2 | K9: =参数表!$B$3 -> 150 | L9: =K9*(1+G9)*(1-H9*参数表!$B$13) -> 144 | M9: =L9*J9 -> 288 | N9: =N8+M9 -> 1458 | O9: =IF(AND(S8>=450,C8<3,F8=0),1,0) -> 1 | P9: =IF(AND(S8>=450,D8<3,C8>=3,F8=0),1,0) -> 0 | Q9: =IF(AND(S8>=450,E8<3,D8>=3,F8=0),1,0) -> 0 | R9: =O9*450+P9*450+Q9*450+X9*1000 -> 450 | S9: =S8+M9-R9 -> 558 | T9: =RAND()<=参数表!$B$10 -> FALSE | U9: 0 | V9: =IF(U9=1,0,V8+1) -> 6 | W9: =IF(W8=1,1,IF(AND(F9=1,S8>=1000,W8=0),1,0)) -> 0 | X9: =IF(AND(W9=1,W8=0),1,0) -> 0 | Z9: =爱更换!N9-N9 -> 327
A10: 8 | B10: 2 | C10: =MIN(3,C9+O9) -> 3 | D10: =MIN(3,D9+P9) -> 0 | E10: =MIN(3,E9+Q9) -> 0 | F10: =IF(F9=1,1,IF(AND(C9>=3,D9>=3,E9>=3),1,0)) -> 0 | G10: =IF(W10=1,参数表!$B$7,IF(AND(C10>=3,D10>=3,E10>=3),参数表!$B$6,IF(OR(C10>=3,D10>=3,E10>=3),参数表!$B$6,IF(OR(C10>=2,D10>=2,E10>=2),参数表!$B$5*2,IF(OR(C10>=1,D10>=1,E10>=1),参数表!$B$5,0))))) -> 0.35 | H10: =IF(V10>=2,1,0) -> 1 | I10: =参数表!$B$2*(1-G10) -> 9.75 | J10: =MIN(2,ROUNDDOWN(24/I10,0)) -> 2 | K10: =参数表!$B$3 -> 150 | L10: =K10*(1+G10)*(1-H10*参数表!$B$13) -> 162 | M10: =L10*J10 -> 324 | N10: =N9+M10 -> 1782 | O10: =IF(AND(S9>=450,C9<3,F9=0),1,0) -> 1 | P10: =IF(AND(S9>=450,D9<3,C9>=3,F9=0),1,0) -> 0 | Q10: =IF(AND(S9>=450,E9<3,D9>=3,F9=0),1,0) -> 0 | R10: =O10*450+P10*450+Q10*450+X10*1000 -> 450 | S10: =S9+M10-R10 -> 432 | T10: =RAND()<=参数表!$B$10 -> FALSE | U10: 0 | V10: =IF(U10=1,0,V9+1) -> 7 | W10: =IF(W9=1,1,IF(AND(F10=1,S9>=1000,W9=0),1,0)) -> 0 | X10: =IF(AND(W10=1,W9=0),1,0) -> 0 | Z10: =爱更换!N10-N10 -> 408
A11: 9 | B11: 2 | C11: =MIN(3,C10+O10) -> 3 | D11: =MIN(3,D10+P10) -> 0 | E11: =MIN(3,E10+Q10) -> 0 | F11: =IF(F10=1,1,IF(AND(C10>=3,D10>=3,E10>=3),1,0)) -> 0 | G11: =IF(W11=1,参数表!$B$7,IF(AND(C11>=3,D11>=3,E11>=3),参数表!$B$6,IF(OR(C11>=3,D11>=3,E11>=3),参数表!$B$6,IF(OR(C11>=2,D11>=2,E11>=2),参数表!$B$5*2,IF(OR(C11>=1,D11>=1,E11>=1),参数表!$B$5,0))))) -> 0.35 | H11: =IF(V11>=2,1,0) -> 1 | I11: =参数表!$B$2*(1-G11) -> 9.75 | J11: =MIN(2,ROUNDDOWN(24/I11,0)) -> 2 | K11: =参数表!$B$3 -> 150 | L11: =K11*(1+G11)*(1-H11*参数表!$B$13) -> 162 | M11: =L11*J11 -> 324 | N11: =N10+M11 -> 2106 | O11: =IF(AND(S10>=450,C10<3,F10=0),1,0) -> 0 | P11: =IF(AND(S10>=450,D10<3,C10>=3,F10=0),1,0) -> 0 | Q11: =IF(AND(S10>=450,E10<3,D10>=3,F10=0),1,0) -> 0 | R11: =O11*450+P11*450+Q11*450+X11*1000 -> 0 | S11: =S10+M11-R11 -> 756 | T11: =RAND()<=参数表!$B$10 -> FALSE | U11: 0 | V11: =IF(U11=1,0,V10+1) -> 8 | W11: =IF(W10=1,1,IF(AND(F11=1,S10>=1000,W10=0),1,0)) -> 0 | X11: =IF(AND(W11=1,W10=0),1,0) -> 0 | Z11: =爱更换!N11-N11 -> 489
A12: 10 | B12: 2 | C12: =MIN(3,C11+O11) -> 3 | D12: =MIN(3,D11+P11) -> 0 | E12: =MIN(3,E11+Q11) -> 0 | F12: =IF(F11=1,1,IF(AND(C11>=3,D11>=3,E11>=3),1,0)) -> 0 | G12: =IF(W12=1,参数表!$B$7,IF(AND(C12>=3,D12>=3,E12>=3),参数表!$B$6,IF(OR(C12>=3,D12>=3,E12>=3),参数表!$B$6,IF(OR(C12>=2,D12>=2,E12>=2),参数表!$B$5*2,IF(OR(C12>=1,D12>=1,E12>=1),参数表!$B$5,0))))) -> 0.35 | H12: =IF(V12>=2,1,0) -> 1 | I12: =参数表!$B$2*(1-G12) -> 9.75 | J12: =MIN(2,ROUNDDOWN(24/I12,0)) -> 2 | K12: =参数表!$B$3 -> 150 | L12: =K12*(1+G12)*(1-H12*参数表!$B$13) -> 162 | M12: =L12*J12 -> 324 | N12: =N11+M12 -> 2430 | O12: =IF(AND(S11>=450,C11<3,F11=0),1,0) -> 0 | P12: =IF(AND(S11>=450,D11<3,C11>=3,F11=0),1,0) -> 1 | Q12: =IF(AND(S11>=450,E11<3,D11>=3,F11=0),1,0) -> 0 | R12: =O12*450+P12*450+Q12*450+X12*1000 -> 450 | S12: =S11+M12-R12 -> 630 | T12: =RAND()<=参数表!$B$10 -> FALSE | U12: 0 | V12: =IF(U12=1,0,V11+1) -> 9 | W12: =IF(W11=1,1,IF(AND(F12=1,S11>=1000,W11=0),1,0)) -> 0 | X12: =IF(AND(W12=1,W11=0),1,0) -> 0 | Z12: =爱更换!N12-N12 -> 570
A13: 11 | B13: 2 | C13: =MIN(3,C12+O12) -> 3 | D13: =MIN(3,D12+P12) -> 1 | E13: =MIN(3,E12+Q12) -> 0 | F13: =IF(F12=1,1,IF(AND(C12>=3,D12>=3,E12>=3),1,0)) -> 0 | G13: =IF(W13=1,参数表!$B$7,IF(AND(C13>=3,D13>=3,E13>=3),参数表!$B$6,IF(OR(C13>=3,D13>=3,E13>=3),参数表!$B$6,IF(OR(C13>=2,D13>=2,E13>=2),参数表!$B$5*2,IF(OR(C13>=1,D13>=1,E13>=1),参数表!$B$5,0))))) -> 0.35 | H13: =IF(V13>=2,1,0) -> 1 | I13: =参数表!$B$2*(1-G13) -> 9.75 | J13: =MIN(2,ROUNDDOWN(24/I13,0)) -> 2 | K13: =参数表!$B$3 -> 150 | L13: =K13*(1+G13)*(1-H13*参数表!$B$13) -> 162 | M13: =L13*J13 -> 324 | N13: =N12+M13 -> 2754 | O13: =IF(AND(S12>=450,C12<3,F12=0),1,0) -> 0 | P13: =IF(AND(S12>=450,D12<3,C12>=3,F12=0),1,0) -> 1 | Q13: =IF(AND(S12>=450,E12<3,D12>=3,F12=0),1,0) -> 0 | R13: =O13*450+P13*450+Q13*450+X13*1000 -> 450 | S13: =S12+M13-R13 -> 504 | T13: =RAND()<=参数表!$B$10 -> FALSE | U13: 0 | V13: =IF(U13=1,0,V12+1) -> 10 | W13: =IF(W12=1,1,IF(AND(F13=1,S12>=1000,W12=0),1,0)) -> 0 | X13: =IF(AND(W13=1,W12=0),1,0) -> 0 | Z13: =爱更换!N13-N13 -> 651
A14: 12 | B14: 2 | C14: =MIN(3,C13+O13) -> 3 | D14: =MIN(3,D13+P13) -> 2 | E14: =MIN(3,E13+Q13) -> 0 | F14: =IF(F13=1,1,IF(AND(C13>=3,D13>=3,E13>=3),1,0)) -> 0 | G14: =IF(W14=1,参数表!$B$7,IF(AND(C14>=3,D14>=3,E14>=3),参数表!$B$6,IF(OR(C14>=3,D14>=3,E14>=3),参数表!$B$6,IF(OR(C14>=2,D14>=2,E14>=2),参数表!$B$5*2,IF(OR(C14>=1,D14>=1,E14>=1),参数表!$B$5,0))))) -> 0.35 | H14: =IF(V14>=2,1,0) -> 1 | I14: =参数表!$B$2*(1-G14) -> 9.75 | J14: =MIN(2,ROUNDDOWN(24/I14,0)) -> 2 | K14: =参数表!$B$3 -> 150 | L14: =K14*(1+G14)*(1-H14*参数表!$B$13) -> 162 | M14: =L14*J14 -> 324 | N14: =N13+M14 -> 3078 | O14: =IF(AND(S13>=450,C13<3,F13=0),1,0) -> 0 | P14: =IF(AND(S13>=450,D13<3,C13>=3,F13=0),1,0) -> 1 | Q14: =IF(AND(S13>=450,E13<3,D13>=3,F13=0),1,0) -> 0 | R14: =O14*450+P14*450+Q14*450+X14*1000 -> 450 | S14: =S13+M14-R14 -> 378 | T14: =RAND()<=参数表!$B$10 -> FALSE | U14: 0 | V14: =IF(U14=1,0,V13+1) -> 11 | W14: =IF(W13=1,1,IF(AND(F14=1,S13>=1000,W13=0),1,0)) -> 0 | X14: =IF(AND(W14=1,W13=0),1,0) -> 0 | Z14: =爱更换!N14-N14 -> 732
A15: 13 | B15: 2 | C15: =MIN(3,C14+O14) -> 3 | D15: =MIN(3,D14+P14) -> 3 | E15: =MIN(3,E14+Q14) -> 0 | F15: =IF(F14=1,1,IF(AND(C14>=3,D14>=3,E14>=3),1,0)) -> 0 | G15: =IF(W15=1,参数表!$B$7,IF(AND(C15>=3,D15>=3,E15>=3),参数表!$B$6,IF(OR(C15>=3,D15>=3,E15>=3),参数表!$B$6,IF(OR(C15>=2,D15>=2,E15>=2),参数表!$B$5*2,IF(OR(C15>=1,D15>=1,E15>=1),参数表!$B$5,0))))) -> 0.35 | H15: =IF(V15>=2,1,0) -> 1 | I15: =参数表!$B$2*(1-G15) -> 9.75 | J15: =MIN(2,ROUNDDOWN(24/I15,0)) -> 2 | K15: =参数表!$B$3 -> 150 | L15: =K15*(1+G15)*(1-H15*参数表!$B$13) -> 162 | M15: =L15*J15 -> 324 | N15: =N14+M15 -> 3402 | O15: =IF(AND(S14>=450,C14<3,F14=0),1,0) -> 0 | P15: =IF(AND(S14>=450,D14<3,C14>=3,F14=0),1,0) -> 0 | Q15: =IF(AND(S14>=450,E14<3,D14>=3,F14=0),1,0) -> 0 | R15: =O15*450+P15*450+Q15*450+X15*1000 -> 0 | S15: =S14+M15-R15 -> 702 | T15: =RAND()<=参数表!$B$10 -> FALSE | U15: 0 | V15: =IF(U15=1,0,V14+1) -> 12 | W15: =IF(W14=1,1,IF(AND(F15=1,S14>=1000,W14=0),1,0)) -> 0 | X15: =IF(AND(W15=1,W14=0),1,0) -> 0 | Z15: =爱更换!N15-N15 -> 813
... A32: 30 | B32: 2 | C32: =MIN(3,C31+O31) -> 3 | D32: =MIN(3,D31+P31) -> 3 | E32: =MIN(3,E31+Q31) -> 3 | F32: =IF(F31=1,1,IF(AND(C31>=3,D31>=3,E31>=3),1,0)) -> 1 | G32: =IF(W32=1,参数表!$B$7,IF(AND(C32>=3,D32>=3,E32>=3),参数表!$B$6,IF(OR(C32>=3,D32>=3,E32>=3),参数表!$B$6,IF(OR(C32>=2,D32>=2,E32>=2),参数表!$B$5*2,IF(OR(C32>=1,D32>=1,E32>=1),参数表!$B$5,0))))) -> 0.5 | H32: =IF(V32>=2,1,0) -> 1 | I32: =参数表!$B$2*(1-G32) -> 7.5 | J32: =MIN(2,ROUNDDOWN(24/I32,0)) -> 2 | K32: =参数表!$B$3 -> 150 | L32: =K32*(1+G32)*(1-H32*参数表!$B$13) -> 180 | M32: =L32*J32 -> 360 | N32: =N31+M32 -> 9306 | O32: =IF(AND(S31>=450,C31<3,F31=0),1,0) -> 0 | P32: =IF(AND(S31>=450,D31<3,C31>=3,F31=0),1,0) -> 0 | Q32: =IF(AND(S31>=450,E31<3,D31>=3,F31=0),1,0) -> 0 | R32: =O32*450+P32*450+Q32*450+X32*1000 -> 0 | S32: =S31+M32-R32 -> 4256 | T32: =RAND()<=参数表!$B$10 -> FALSE | U32: 0 | V32: =IF(U32=1,0,V31+1) -> 29 | W32: =IF(W31=1,1,IF(AND(F32=1,S31>=1000,W31=0),1,0)) -> 1 | X32: =IF(AND(W32=1,W31=0),1,0) -> 0 | Z32: =爱更换!N32-N32 -> 2334

Sheet 爱更换
A1: 天数 | B1: 当日领取次数 | C1: 火属性家具数量 | D1: 水属性家具数量 | E1: 草属性家具数量 | F1: 总家具解锁 | G1: 效率加成 | H1: 是否有惩罚 | I1: 当前产出间隔（h） | J1: 当天实际可领取次数 | K1: 单次基础产出 | L1: 单次实际产出 | M1: 当日总产出 | N1: 累积属性木材（从第一天） | O1: 是否购买火家具 | P1: 是否购买水家具 | Q1: 是否购买草家具 | R1: 购买家具扣除木材 | S1: 剩余木材 | T1: 当前亲密度 | U1: 今日是否更换精灵 | V1: 连续未更换天数 | W1: 是否购买总家具 | X1: 当前行是否购买了总家具（行为）
A2: 0 | B2: 0 | C2: 1 | D2: 0 | E2: 0 | F2: 0 | G2: 0 | H2: 0 | I2: 0 | J2: 0 | K2: 0 | L2: 0 | M2: 0 | N2: 0 | O2: 0 | P2: 0 | Q2: 0 | R2: 0 | S2: 0 | T2: 0 | U2: 1 | V2: 0 | W2: 0 | X2: 0
A3: 1 | B3: 2 | C3: =MIN(3,C2+O2) -> 1 | D3: =MIN(3,D2+P2) -> 0 | E3: =MIN(3,E2+Q2) -> 0 | F3: =IF(F2=1,1,IF(AND(C2>=3,D2>=3,E2>=3),1,0)) -> 0 | G3: 0.1 | H3: =IF(V3>=2,1,0) -> 0 | I3: =15*(1-G3) -> 13.5 | J3: =MIN(2,ROUNDDOWN(24/I3,0)) -> 1 | K3: 150 | L3: =150*(1+G3)*(1-H3*20%) -> 165 | M3: =L3*J3 -> 165 | N3: =M3 -> 165 | O3: =IF(AND(S2>=450,C2<3,F2=0),1,0) -> 0 | P3: =IF(AND(S2>=450,D2<3,C2>=3,F2=0),1,0) -> 0 | Q3: =IF(AND(S2>=450,E2<3,D2>=3,F2=0),1,0) -> 0 | R3: =O3*450+P3*450+Q3*450+X3*1000 -> 0 | S3: =S2+M3-R3 -> 165 | T3: =RAND()<=10% -> FALSE | U3: 1 | V3: 0 | W3: =IF(W2=1,1,IF(AND(F3=1,S2>=1000,W2=0),1,0)) -> 0 | X3: =IF(AND(W3=1,W2=0),1,0) -> 0
A4: 2 | B4: 2 | C4: =MIN(3,C3+O3) -> 1 | D4: =MIN(3,D3+P3) -> 0 | E4: =MIN(3,E3+Q3) -> 0 | F4: =IF(F3=1,1,IF(AND(C3>=3,D3>=3,E3>=3),1,0)) -> 0 | G4: =IF(W4=1,0.5,IF(AND(C4>=3,D4>=3,E4>=3),0.35,IF(OR(C4>=3,D4>=3,E4>=3),0.35,IF(OR(C4>=2,D4>=2,E4>=2),0.2,IF(OR(C4>=1,D4>=1,E4>=1),0.1,0))))) -> 0.1 | H4: =IF(V4>=2,1,0) -> 0 | I4: =15*(1-G4) -> 13.5 | J4: =MIN(2,ROUNDDOWN(24/I4,0)) -> 1 | K4: 150 | L4: =150*(1+G4)*(1-H4*20%) -> 165 | M4: =L4*J4 -> 165 | N4: =N3+M4 -> 330 | O4: =IF(AND(S3>=450,C3<3,F3=0),1,0) -> 0 | P4: =IF(AND(S3>=450,D3<3,C3>=3,F3=0),1,0) -> 0 | Q4: =IF(AND(S3>=450,E3<3,D3>=3,F3=0),1,0) -> 0 | R4: =O4*450+P4*450+Q4*450+X4*1000 -> 0 | S4: =S3+M4-R4 -> 330 | T4: =RAND()<=10% -> FALSE | U4: 1 | V4: =IF(U4=1,0,V3+1) -> 0 | W4: =IF(W3=1,1,IF(AND(F4=1,S3>=1000,W3=0),1,0)) -> 0 | X4: =IF(AND(W4=1,W3=0),1,0) -> 0
A5: 3 | B5: 2 | C5: =MIN(3,C4+O4) -> 1 | D5: =MIN(3,D4+P4) -> 0 | E5: =MIN(3,E4+Q4) -> 0 | F5: =IF(F4=1,1,IF(AND(C4>=3,D4>=3,E4>=3),1,0)) -> 0 | G5: =IF(W5=1,0.5,IF(AND(C5>=3,D5>=3,E5>=3),0.35,IF(OR(C5>=3,D5>=3,E5>=3),0.35,IF(OR(C5>=2,D5>=2,E5>=2),0.2,IF(OR(C5>=1,D5>=1,E5>=1),0.1,0))))) -> 0.1 | H5: =IF(V5>=2,1,0) -> 0 | I5: =15*(1-G5) -> 13.5 | J5: =MIN(2,ROUNDDOWN(24/I5,0)) -> 1 | K5: 150 | L5: =150*(1+G5)*(1-H5*20%) -> 165 | M5: =L5*J5 -> 165 | N5: =N4+M5 -> 495 | O5: =IF(AND(S4>=450,C4<3,F4=0),1,0) -> 0 | P5: =IF(AND(S4>=450,D4<3,C4>=3,F4=0),1,0) -> 0 | Q5: =IF(AND(S4>=450,E4<3,D4>=3,F4=0),1,0) -> 0 | R5: =O5*450+P5*450+Q5*450+X5*1000 -> 0 | S5: =S4+M5-R5 -> 495 | T5: =RAND()<=10% -> FALSE | U5: 1 | V5: =IF(U5=1,0,V4+1) -> 0 | W5: =IF(W4=1,1,IF(AND(F5=1,S4>=1000,W4=0),1,0)) -> 0 | X5: =IF(AND(W5=1,W4=0),1,0) -> 0
A6: 4 | B6: 2 | C6: =MIN(3,C5+O5) -> 1 | D6: =MIN(3,D5+P5) -> 0 | E6: =MIN(3,E5+Q5) -> 0 | F6: =IF(F5=1,1,IF(AND(C5>=3,D5>=3,E5>=3),1,0)) -> 0 | G6: =IF(W6=1,0.5,IF(AND(C6>=3,D6>=3,E6>=3),0.35,IF(OR(C6>=3,D6>=3,E6>=3),0.35,IF(OR(C6>=2,D6>=2,E6>=2),0.2,IF(OR(C6>=1,D6>=1,E6>=1),0.1,0))))) -> 0.1 | H6: =IF(V6>=2,1,0) -> 0 | I6: =15*(1-G6) -> 13.5 | J6: =MIN(2,ROUNDDOWN(24/I6,0)) -> 1 | K6: 150 | L6: =150*(1+G6)*(1-H6*20%) -> 165 | M6: =L6*J6 -> 165 | N6: =N5+M6 -> 660 | O6: =IF(AND(S5>=450,C5<3,F5=0),1,0) -> 1 | P6: =IF(AND(S5>=450,D5<3,C5>=3,F5=0),1,0) -> 0 | Q6: =IF(AND(S5>=450,E5<3,D5>=3,F5=0),1,0) -> 0 | R6: =O6*450+P6*450+Q6*450+X6*1000 -> 450 | S6: =S5+M6-R6 -> 210 | T6: =RAND()<=10% -> FALSE | U6: 1 | V6: =IF(U6=1,0,V5+1) -> 0 | W6: =IF(W5=1,1,IF(AND(F6=1,S5>=1000,W5=0),1,0)) -> 0 | X6: =IF(AND(W6=1,W5=0),1,0) -> 0
A7: 5 | B7: 2 | C7: =MIN(3,C6+O6) -> 2 | D7: =MIN(3,D6+P6) -> 0 | E7: =MIN(3,E6+Q6) -> 0 | F7: =IF(F6=1,1,IF(AND(C6>=3,D6>=3,E6>=3),1,0)) -> 0 | G7: =IF(W7=1,0.5,IF(AND(C7>=3,D7>=3,E7>=3),0.35,IF(OR(C7>=3,D7>=3,E7>=3),0.35,IF(OR(C7>=2,D7>=2,E7>=2),0.2,IF(OR(C7>=1,D7>=1,E7>=1),0.1,0))))) -> 0.2 | H7: =IF(V7>=2,1,0) -> 0 | I7: =15*(1-G7) -> 12 | J7: =MIN(2,ROUNDDOWN(24/I7,0)) -> 2 | K7: 150 | L7: =150*(1+G7)*(1-H7*20%) -> 180 | M7: =L7*J7 -> 360 | N7: =N6+M7 -> 1020 | O7: =IF(AND(S6>=450,C6<3,F6=0),1,0) -> 0 | P7: =IF(AND(S6>=450,D6<3,C6>=3,F6=0),1,0) -> 0 | Q7: =IF(AND(S6>=450,E6<3,D6>=3,F6=0),1,0) -> 0 | R7: =O7*450+P7*450+Q7*450+X7*1000 -> 0 | S7: =S6+M7-R7 -> 570 | T7: =RAND()<=10% -> FALSE | U7: 1 | V7: =IF(U7=1,0,V6+1) -> 0 | W7: =IF(W6=1,1,IF(AND(F7=1,S6>=1000,W6=0),1,0)) -> 0 | X7: =IF(AND(W7=1,W6=0),1,0) -> 0
A8: 6 | B8: 2 | C8: =MIN(3,C7+O7) -> 2 | D8: =MIN(3,D7+P7) -> 0 | E8: =MIN(3,E7+Q7) -> 0 | F8: =IF(F7=1,1,IF(AND(C7>=3,D7>=3,E7>=3),1,0)) -> 0 | G8: =IF(W8=1,0.5,IF(AND(C8>=3,D8>=3,E8>=3),0.35,IF(OR(C8>=3,D8>=3,E8>=3),0.35,IF(OR(C8>=2,D8>=2,E8>=2),0.2,IF(OR(C8>=1,D8>=1,E8>=1),0.1,0))))) -> 0.2 | H8: =IF(V8>=2,1,0) -> 0 | I8: =15*(1-G8) -> 12 | J8: =MIN(2,ROUNDDOWN(24/I8,0)) -> 2 | K8: 150 | L8: =150*(1+G8)*(1-H8*20%) -> 180 | M8: =L8*J8 -> 360 | N8: =N7+M8 -> 1380 | O8: =IF(AND(S7>=450,C7<3,F7=0),1,0) -> 1 | P8: =IF(AND(S7>=450,D7<3,C7>=3,F7=0),1,0) -> 0 | Q8: =IF(AND(S7>=450,E7<3,D7>=3,F7=0),1,0) -> 0 | R8: =O8*450+P8*450+Q8*450+X8*1000 -> 450 | S8: =S7+M8-R8 -> 480 | T8: =RAND()<=10% -> FALSE | U8: 1 | V8: =IF(U8=1,0,V7+1) -> 0 | W8: =IF(W7=1,1,IF(AND(F8=1,S7>=1000,W7=0),1,0)) -> 0 | X8: =IF(AND(W8=1,W7=0),1,0) -> 0
A9: 7 | B9: 2 | C9: =MIN(3,C8+O8) -> 3 | D9: =MIN(3,D8+P8) -> 0 | E9: =MIN(3,E8+Q8) -> 0 | F9: =IF(F8=1,1,IF(AND(C8>=3,D8>=3,E8>=3),1,0)) -> 0 | G9: =IF(W9=1,0.5,IF(AND(C9>=3,D9>=3,E9>=3),0.35,IF(OR(C9>=3,D9>=3,E9>=3),0.35,IF(OR(C9>=2,D9>=2,E9>=2),0.2,IF(OR(C9>=1,D9>=1,E9>=1),0.1,0))))) -> 0.35 | H9: =IF(V9>=2,1,0) -> 0 | I9: =15*(1-G9) -> 9.75 | J9: =MIN(2,ROUNDDOWN(24/I9,0)) -> 2 | K9: 150 | L9: =150*(1+G9)*(1-H9*20%) -> 202.5 | M9: =L9*J9 -> 405 | N9: =N8+M9 -> 1785 | O9: =IF(AND(S8>=450,C8<3,F8=0),1,0) -> 1 | P9: =IF(AND(S8>=450,D8<3,C8>=3,F8=0),1,0) -> 0 | Q9: =IF(AND(S8>=450,E8<3,D8>=3,F8=0),1,0) -> 0 | R9: =O9*450+P9*450+Q9*450+X9*1000 -> 450 | S9: =S8+M9-R9 -> 435 | T9: =RAND()<=10% -> FALSE | U9: 1 | V9: =IF(U9=1,0,V8+1) -> 0 | W9: =IF(W8=1,1,IF(AND(F9=1,S8>=1000,W8=0),1,0)) -> 0 | X9: =IF(AND(W9=1,W8=0),1,0) -> 0
A10: 8 | B10: 2 | C10: =MIN(3,C9+O9) -> 3 | D10: =MIN(3,D9+P9) -> 0 | E10: =MIN(3,E9+Q9) -> 0 | F10: =IF(F9=1,1,IF(AND(C9>=3,D9>=3,E9>=3),1,0)) -> 0 | G10: =IF(W10=1,0.5,IF(AND(C10>=3,D10>=3,E10>=3),0.35,IF(OR(C10>=3,D10>=3,E10>=3),0.35,IF(OR(C10>=2,D10>=2,E10>=2),0.2,IF(OR(C10>=1,D10>=1,E10>=1),0.1,0))))) -> 0.35 | H10: =IF(V10>=2,1,0) -> 0 | I10: =15*(1-G10) -> 9.75 | J10: =MIN(2,ROUNDDOWN(24/I10,0)) -> 2 | K10: 150 | L10: =150*(1+G10)*(1-H10*20%) -> 202.5 | M10: =L10*J10 -> 405 | N10: =N9+M10 -> 2190 | O10: =IF(AND(S9>=450,C9<3,F9=0),1,0) -> 0 | P10: =IF(AND(S9>=450,D9<3,C9>=3,F9=0),1,0) -> 0 | Q10: =IF(AND(S9>=450,E9<3,D9>=3,F9=0),1,0) -> 0 | R10: =O10*450+P10*450+Q10*450+X10*1000 -> 0 | S10: =S9+M10-R10 -> 840 | T10: =RAND()<=10% -> TRUE | U10: 1 | V10: =IF(U10=1,0,V9+1) -> 0 | W10: =IF(W9=1,1,IF(AND(F10=1,S9>=1000,W9=0),1,0)) -> 0 | X10: =IF(AND(W10=1,W9=0),1,0) -> 0
A11: 9 | B11: 2 | C11: =MIN(3,C10+O10) -> 3 | D11: =MIN(3,D10+P10) -> 0 | E11: =MIN(3,E10+Q10) -> 0 | F11: =IF(F10=1,1,IF(AND(C10>=3,D10>=3,E10>=3),1,0)) -> 0 | G11: =IF(W11=1,0.5,IF(AND(C11>=3,D11>=3,E11>=3),0.35,IF(OR(C11>=3,D11>=3,E11>=3),0.35,IF(OR(C11>=2,D11>=2,E11>=2),0.2,IF(OR(C11>=1,D11>=1,E11>=1),0.1,0))))) -> 0.35 | H11: =IF(V11>=2,1,0) -> 0 | I11: =15*(1-G11) -> 9.75 | J11: =MIN(2,ROUNDDOWN(24/I11,0)) -> 2 | K11: 150 | L11: =150*(1+G11)*(1-H11*20%) -> 202.5 | M11: =L11*J11 -> 405 | N11: =N10+M11 -> 2595 | O11: =IF(AND(S10>=450,C10<3,F10=0),1,0) -> 0 | P11: =IF(AND(S10>=450,D10<3,C10>=3,F10=0),1,0) -> 1 | Q11: =IF(AND(S10>=450,E10<3,D10>=3,F10=0),1,0) -> 0 | R11: =O11*450+P11*450+Q11*450+X11*1000 -> 450 | S11: =S10+M11-R11 -> 795 | T11: =RAND()<=10% -> TRUE | U11: 1 | V11: =IF(U11=1,0,V10+1) -> 0 | W11: =IF(W10=1,1,IF(AND(F11=1,S10>=1000,W10=0),1,0)) -> 0 | X11: =IF(AND(W11=1,W10=0),1,0) -> 0
A12: 10 | B12: 2 | C12: =MIN(3,C11+O11) -> 3 | D12: =MIN(3,D11+P11) -> 1 | E12: =MIN(3,E11+Q11) -> 0 | F12: =IF(F11=1,1,IF(AND(C11>=3,D11>=3,E11>=3),1,0)) -> 0 | G12: =IF(W12=1,0.5,IF(AND(C12>=3,D12>=3,E12>=3),0.35,IF(OR(C12>=3,D12>=3,E12>=3),0.35,IF(OR(C12>=2,D12>=2,E12>=2),0.2,IF(OR(C12>=1,D12>=1,E12>=1),0.1,0))))) -> 0.35 | H12: =IF(V12>=2,1,0) -> 0 | I12: =15*(1-G12) -> 9.75 | J12: =MIN(2,ROUNDDOWN(24/I12,0)) -> 2 | K12: 150 | L12: =150*(1+G12)*(1-H12*20%) -> 202.5 | M12: =L12*J12 -> 405 | N12: =N11+M12 -> 3000 | O12: =IF(AND(S11>=450,C11<3,F11=0),1,0) -> 0 | P12: =IF(AND(S11>=450,D11<3,C11>=3,F11=0),1,0) -> 1 | Q12: =IF(AND(S11>=450,E11<3,D11>=3,F11=0),1,0) -> 0 | R12: =O12*450+P12*450+Q12*450+X12*1000 -> 450 | S12: =S11+M12-R12 -> 750 | T12: =RAND()<=10% -> FALSE | U12: 1 | V12: =IF(U12=1,0,V11+1) -> 0 | W12: =IF(W11=1,1,IF(AND(F12=1,S11>=1000,W11=0),1,0)) -> 0 | X12: =IF(AND(W12=1,W11=0),1,0) -> 0
A13: 11 | B13: 2 | C13: =MIN(3,C12+O12) -> 3 | D13: =MIN(3,D12+P12) -> 2 | E13: =MIN(3,E12+Q12) -> 0 | F13: =IF(F12=1,1,IF(AND(C12>=3,D12>=3,E12>=3),1,0)) -> 0 | G13: =IF(W13=1,0.5,IF(AND(C13>=3,D13>=3,E13>=3),0.35,IF(OR(C13>=3,D13>=3,E13>=3),0.35,IF(OR(C13>=2,D13>=2,E13>=2),0.2,IF(OR(C13>=1,D13>=1,E13>=1),0.1,0))))) -> 0.35 | H13: =IF(V13>=2,1,0) -> 0 | I13: =15*(1-G13) -> 9.75 | J13: =MIN(2,ROUNDDOWN(24/I13,0)) -> 2 | K13: 150 | L13: =150*(1+G13)*(1-H13*20%) -> 202.5 | M13: =L13*J13 -> 405 | N13: =N12+M13 -> 3405 | O13: =IF(AND(S12>=450,C12<3,F12=0),1,0) -> 0 | P13: =IF(AND(S12>=450,D12<3,C12>=3,F12=0),1,0) -> 1 | Q13: =IF(AND(S12>=450,E12<3,D12>=3,F12=0),1,0) -> 0 | R13: =O13*450+P13*450+Q13*450+X13*1000 -> 450 | S13: =S12+M13-R13 -> 705 | T13: =RAND()<=10% -> FALSE | U13: 1 | V13: =IF(U13=1,0,V12+1) -> 0 | W13: =IF(W12=1,1,IF(AND(F13=1,S12>=1000,W12=0),1,0)) -> 0 | X13: =IF(AND(W13=1,W12=0),1,0) -> 0
A14: 12 | B14: 2 | C14: =MIN(3,C13+O13) -> 3 | D14: =MIN(3,D13+P13) -> 3 | E14: =MIN(3,E13+Q13) -> 0 | F14: =IF(F13=1,1,IF(AND(C13>=3,D13>=3,E13>=3),1,0)) -> 0 | G14: =IF(W14=1,0.5,IF(AND(C14>=3,D14>=3,E14>=3),0.35,IF(OR(C14>=3,D14>=3,E14>=3),0.35,IF(OR(C14>=2,D14>=2,E14>=2),0.2,IF(OR(C14>=1,D14>=1,E14>=1),0.1,0))))) -> 0.35 | H14: =IF(V14>=2,1,0) -> 0 | I14: =15*(1-G14) -> 9.75 | J14: =MIN(2,ROUNDDOWN(24/I14,0)) -> 2 | K14: 150 | L14: =150*(1+G14)*(1-H14*20%) -> 202.5 | M14: =L14*J14 -> 405 | N14: =N13+M14 -> 3810 | O14: =IF(AND(S13>=450,C13<3,F13=0),1,0) -> 0 | P14: =IF(AND(S13>=450,D13<3,C13>=3,F13=0),1,0) -> 1 | Q14: =IF(AND(S13>=450,E13<3,D13>=3,F13=0),1,0) -> 0 | R14: =O14*450+P14*450+Q14*450+X14*1000 -> 450 | S14: =S13+M14-R14 -> 660 | T14: =RAND()<=10% -> FALSE | U14: 1 | V14: =IF(U14=1,0,V13+1) -> 0 | W14: =IF(W13=1,1,IF(AND(F14=1,S13>=1000,W13=0),1,0)) -> 0 | X14: =IF(AND(W14=1,W13=0),1,0) -> 0
A15: 13 | B15: 2 | C15: =MIN(3,C14+O14) -> 3 | D15: =MIN(3,D14+P14) -> 3 | E15: =MIN(3,E14+Q14) -> 0 | F15: =IF(F14=1,1,IF(AND(C14>=3,D14>=3,E14>=3),1,0)) -> 0 | G15: =IF(W15=1,0.5,IF(AND(C15>=3,D15>=3,E15>=3),0.35,IF(OR(C15>=3,D15>=3,E15>=3),0.35,IF(OR(C15>=2,D15>=2,E15>=2),0.2,IF(OR(C15>=1,D15>=1,E15>=1),0.1,0))))) -> 0.35 | H15: =IF(V15>=2,1,0) -> 0 | I15: =15*(1-G15) -> 9.75 | J15: =MIN(2,ROUNDDOWN(24/I15,0)) -> 2 | K15: 150 | L15: =150*(1+G15)*(1-H15*20%) -> 202.5 | M15: =L15*J15 -> 405 | N15: =N14+M15 -> 4215 | O15: =IF(AND(S14>=450,C14<3,F14=0),1,0) -> 0 | P15: =IF(AND(S14>=450,D14<3,C14>=3,F14=0),1,0) -> 0 | Q15: =IF(AND(S14>=450,E14<3,D14>=3,F14=0),1,0) -> 1 | R15: =O15*450+P15*450+Q15*450+X15*1000 -> 450 | S15: =S14+M15-R15 -> 615 | T15: =RAND()<=10% -> FALSE | U15: 1 | V15: =IF(U15=1,0,V14+1) -> 0 | W15: =IF(W14=1,1,IF(AND(F15=1,S14>=1000,W14=0),1,0)) -> 0 | X15: =IF(AND(W15=1,W14=0),1,0) -> 0
... A32: 30 | B32: 2 | C32: =MIN(3,C31+O31) -> 3 | D32: =MIN(3,D31+P31) -> 3 | E32: =MIN(3,E31+Q31) -> 3 | F32: =IF(F31=1,1,IF(AND(C31>=3,D31>=3,E31>=3),1,0)) -> 1 | G32: =IF(W32=1,0.5,IF(AND(C32>=3,D32>=3,E32>=3),0.35,IF(OR(C32>=3,D32>=3,E32>=3),0.35,IF(OR(C32>=2,D32>=2,E32>=2),0.2,IF(OR(C32>=1,D32>=1,E32>=1),0.1,0))))) -> 0.5 | H32: =IF(V32>=2,1,0) -> 0 | I32: =15*(1-G32) -> 7.5 | J32: =MIN(2,ROUNDDOWN(24/I32,0)) -> 2 | K32: 150 | L32: =150*(1+G32)*(1-H32*20%) -> 225 | M32: =L32*J32 -> 450 | N32: =N31+M32 -> 11640 | O32: =IF(AND(S31>=450,C31<3,F31=0),1,0) -> 0 | P32: =IF(AND(S31>=450,D31<3,C31>=3,F31=0),1,0) -> 0 | Q32: =IF(AND(S31>=450,E31<3,D31>=3,F31=0),1,0) -> 0 | R32: =O32*450+P32*450+Q32*450+X32*1000 -> 0 | S32: =S31+M32-R32 -> 5690 | T32: =RAND()<=10% -> FALSE | U32: 1 | V32: =IF(U32=1,0,V31+1) -> 0 | W32: =IF(W31=1,1,IF(AND(F32=1,S31>=1000,W31=0),1,0)) -> 1 | X32: =IF(AND(W32=1,W31=0),1,0) -> 0
